id,full_name,sex
1,James Smith,M
2,Mary Smith,F
3,John Johnson,M
4,Patricia Johnson,F
5,Robert Brown,M
6,Jennifer Brown,F
7,Michael Taylor,M
8,Linda Taylor,F
9,William Anderson,M
10,Elizabeth Anderson,F
11,David Thomas,M
12,Barbara Thomas,F
13,Richard Jackson,M
14,Susan Jackson,F
15,Joseph White,M
16,Jessica White,F
17,Charles Harris,M
18,Sarah Harris,F
19,Thomas Martin,M
20,Karen Martin,F
21,James Smith,M
22,Mary Smith,F
23,John Johnson,M
24,Patricia Johnson,F
25,Robert Brown,M
26,Jennifer Brown,F
27,Michael Taylor,M
28,Linda Taylor,F
29,William Anderson,M
30,Elizabeth Anderson,F
31,David Thomas,M
32,Barbara Thomas,F
33,Richard Jackson,M
34,Susan Jackson,F
35,Joseph White,M
36,Jessica White,F
37,Charles Harris,M
38,Sarah Harris,F
39,Thomas Martin,M
40,Karen Martin,F
41,James Smith,M
42,Mary Smith,F
43,John Johnson,M
44,Patricia Johnson,F
45,Robert Brown,M
46,Jennifer Brown,F
47,Michael Taylor,M
48,Linda Taylor,F
49,William Anderson,M
50,Elizabeth Anderson,F
51,David Thomas,M
52,Barbara Thomas,F
53,Richard Jackson,M
54,Susan Jackson,F
55,Joseph White,M
56,Jessica White,F
57,Charles Harris,M
58,Sarah Harris,F
59,Thomas Martin,M
60,Karen Martin,F
61,James Smith,M
62,Mary Smith,F
63,John Johnson,M
64,Patricia Johnson,F
65,Robert Brown,M
66,Jennifer Brown,F
67,Michael Taylor,M
68,Linda Taylor,F
69,William Anderson,M
70,Elizabeth Anderson,F
71,David Thomas,M
72,Barbara Thomas,F
73,Richard Jackson,M
74,Susan Jackson,F
75,Joseph White,M
76,Jessica White,F
77,Charles Harris,M
78,Sarah Harris,F
79,Thomas Martin,M
80,Karen Martin,F
81,James Smith,M
82,Mary Smith,F
83,John Johnson,M
84,Patricia Johnson,F
85,Robert Brown,M
86,Jennifer Brown,F
87,Michael Taylor,M
88,Linda Taylor,F
89,William Anderson,M
90,Elizabeth Anderson,F
91,David Thomas,M
92,Barbara Thomas,F
93,Richard Jackson,M
94,Susan Jackson,F
95,Joseph White,M
96,Jessica White,F
97,Charles Harris,M
98,Sarah Harris,F
99,Thomas Martin,M
100,Karen Martin,F
101,James Smith,M
102,Mary Smith,F
103,John Johnson,M
104,Patricia Johnson,F
105,Robert Brown,M
106,Jennifer Brown,F
107,Michael Taylor,M
108,Linda Taylor,F
109,William Anderson,M
110,Elizabeth Anderson,F
111,David Thomas,M
112,Barbara Thomas,F
113,Richard Jackson,M
114,Susan Jackson,F
115,Joseph White,M
116,Jessica White,F
117,Charles Harris,M
118,Sarah Harris,F
119,Thomas Martin,M
120,Karen Martin,F
121,James Smith,M
122,Mary Smith,F
123,John Johnson,M
124,Patricia Johnson,F
125,Robert Brown,M
126,Jennifer Brown,F
127,Michael Taylor,M
128,Linda Taylor,F
129,William Anderson,M
130,Elizabeth Anderson,F
131,David Thomas,M
132,Barbara Thomas,F
133,Richard Jackson,M
134,Susan Jackson,F
135,Joseph White,M
136,Jessica White,F
137,Charles Harris,M
138,Sarah Harris,F
139,Thomas Martin,M
140,Karen Martin,F
141,James Smith,M
142,Mary Smith,F
143,John Johnson,M
144,Patricia Johnson,F
145,Robert Brown,M
146,Jennifer Brown,F
147,Michael Taylor,M
148,Linda Taylor,F
149,William Anderson,M
150,Elizabeth Anderson,F
151,David Thomas,M
152,Barbara Thomas,F
153,Richard Jackson,M
154,Susan Jackson,F
155,Joseph White,M
156,Jessica White,F
157,Charles Harris,M
158,Sarah Harris,F
159,Thomas Martin,M
160,Karen Martin,F
161,James Smith,M
162,Mary Smith,F
163,John Johnson,M
164,Patricia Johnson,F
165,Robert Brown,M
166,Jennifer Brown,F
167,Michael Taylor,M
168,Linda Taylor,F
169,William Anderson,M
170,Elizabeth Anderson,F
171,David Thomas,M
172,Barbara Thomas,F
173,Richard Jackson,M
174,Susan Jackson,F
175,Joseph White,M
176,Jessica White,F
177,Charles Harris,M
178,Sarah Harris,F
179,Thomas Martin,M
180,Karen Martin,F
181,James Smith,M
182,Mary Smith,F
183,John Johnson,M
184,Patricia Johnson,F
185,Robert Brown,M
186,Jennifer Brown,F
187,Michael Taylor,M
188,Linda Taylor,F
189,William Anderson,M
190,Elizabeth Anderson,F
191,David Thomas,M
192,Barbara Thomas,F
193,Richard Jackson,M
194,Susan Jackson,F
195,Joseph White,M
196,Jessica White,F
197,Charles Harris,M
198,Sarah Harris,F
199,Thomas Martin,M
200,Karen Martin,F
201,James Smith,M
202,Mary Smith,F
203,John Johnson,M
204,Patricia Johnson,F
205,Robert Brown,M
206,Jennifer Brown,F
207,Michael Taylor,M
208,Linda Taylor,F
209,William Anderson,M
210,Elizabeth Anderson,F
211,David Thomas,M
212,Barbara Thomas,F
213,Richard Jackson,M
214,Susan Jackson,F
215,Joseph White,M
216,Jessica White,F
217,Charles Harris,M
218,Sarah Harris,F
219,Thomas Martin,M
220,Karen Martin,F
221,James Smith,M
222,Mary Smith,F
223,John Johnson,M
224,Patricia Johnson,F
225,Robert Brown,M
226,Jennifer Brown,F
227,Michael Taylor,M
228,Linda Taylor,F
229,William Anderson,M
230,Elizabeth Anderson,F
231,David Thomas,M
232,Barbara Thomas,F
233,Richard Jackson,M
234,Susan Jackson,F
235,Joseph White,M
236,Jessica White,F
237,Charles Harris,M
238,Sarah Harris,F
239,Thomas Martin,M
240,Karen Martin,F
241,James Smith,M
242,Mary Smith,F
243,John Johnson,M
244,Patricia Johnson,F
245,Robert Brown,M
246,Jennifer Brown,F
247,Michael Taylor,M
248,Linda Taylor,F
249,William Anderson,M
250,Elizabeth Anderson,F
251,David Thomas,M
252,Barbara Thomas,F
253,Richard Jackson,M
254,Susan Jackson,F
255,Joseph White,M
256,Jessica White,F
257,Charles Harris,M
258,Sarah Harris,F
259,Thomas Martin,M
260,Karen Martin,F
261,James Smith,M
262,Mary Smith,F
263,John Johnson,M
264,Patricia Johnson,F
265,Robert Brown,M
266,Jennifer Brown,F
267,Michael Taylor,M
268,Linda Taylor,F
269,William Anderson,M
270,Elizabeth Anderson,F
271,David Thomas,M
272,Barbara Thomas,F
273,Richard Jackson,M
274,Susan Jackson,F
275,Joseph White,M
276,Jessica White,F
277,Charles Harris,M
278,Sarah Harris,F
279,Thomas Martin,M
280,Karen Martin,F
281,James Smith,M
282,Mary Smith,F
283,John Johnson,M
284,Patricia Johnson,F
285,Robert Brown,M
286,Jennifer Brown,F
287,Michael Taylor,M
288,Linda Taylor,F
289,William Anderson,M
290,Elizabeth Anderson,F
291,David Thomas,M
292,Barbara Thomas,F
293,Richard Jackson,M
294,Susan Jackson,F
295,Joseph White,M
296,Jessica White,F
297,Charles Harris,M
298,Sarah Harris,F
299,Thomas Martin,M
300,Karen Martin,F
301,James Smith,M
302,Mary Smith,F
303,John Johnson,M
304,Patricia Johnson,F
305,Robert Brown,M
306,Jennifer Brown,F
307,Michael Taylor,M
308,Linda Taylor,F
309,William Anderson,M
310,Elizabeth Anderson,F
311,David Thomas,M
312,Barbara Thomas,F
313,Richard Jackson,M
314,Susan Jackson,F
315,Joseph White,M
316,Jessica White,F
317,Charles Harris,M
318,Sarah Harris,F
319,Thomas Martin,M
320,Karen Martin,F
321,James Smith,M
322,Mary Smith,F
323,John Johnson,M
324,Patricia Johnson,F
325,Robert Brown,M
326,Jennifer Brown,F
327,Michael Taylor,M
328,Linda Taylor,F
329,William Anderson,M
330,Elizabeth Anderson,F
331,David Thomas,M
332,Barbara Thomas,F
333,Richard Jackson,M
334,Susan Jackson,F
335,Joseph White,M
336,Jessica White,F
337,Charles Harris,M
338,Sarah Harris,F
339,Thomas Martin,M
340,Karen Martin,F
341,James Smith,M
342,Mary Smith,F
343,John Johnson,M
344,Patricia Johnson,F
345,Robert Brown,M
346,Jennifer Brown,F
347,Michael Taylor,M
348,Linda Taylor,F
349,William Anderson,M
350,Elizabeth Anderson,F
351,David Thomas,M
352,Barbara Thomas,F
